split,model,rmse_ret_bp,mae_ret_bp,rmse_close_pip,mae_close_pip,mape_close,dir_acc_pct
val,random_forest,9.605051684793432,6.317476595786815,10.458262771167448,6.975093433763065,0.06452177113588642,51.59772911597729
test,random_forest,9.138609434938955,5.792222794836788,10.138532358318388,6.5466005751311585,0.059214799228706004,51.34108902892228
val,xgboost,9.60642673044797,6.316243748414693,10.467512219189201,7.006703285503663,0.06481373178443774,51.889699918897
test,xgboost,9.147015273304357,5.790808792350965,10.16868326539445,6.568141198570091,0.059405522064908255,51.52690256907416
val,lightgbm,9.61010695787768,6.3161454559677646,10.4920009213291,7.01297817446422,0.06487221963893423,52.08434712084347
test,lightgbm,9.155334937498507,5.7952988643700705,10.183322366190719,6.559380255643107,0.059320537572266116,51.27645823234771
